{
	"AutoContrast": {
		"joint": {
			"m": [0.7379642558999163, 0.0],
			"v": [0.034435824216426075, 0.0],
			"r": 0
		},
		"prob": 0.7083333285986719,
		"params": null
	},
	"Brightness": {
		"joint": {
			"m": [0.575, 0.6249999834431542],
			"v": [0.1555880881197118, 0.022745241902252435],
			"r": 0.5788337309729622
		},
		"prob": 0.6538288769653506,
		"params": ["norm", 0.6663033629216333, 0.04280038396119273],
		"bothSigns": ["norm", 0, 0.4941462289073063]
	},
	"Color": {
		"joint": {
			"m": [0.6090909090909092, 0.40909089825370093],
			"v": [0.05495177674740784, 0.1228663987707437],
			"r": 0.2437975792092293
		},
		"prob": 0.6617789910605237,
		"params": ["norm", 0.423258454050894, 0.11691358274530235],
		"bothSigns": ["norm", 0, 0.2851929663979311]
	},
	"Contrast": {
		"joint": {
			"m": [0.62, 0.6399999830457899],
			"v": [0.17144618250760607, 0.013553815214171977],
			"r": 0.44654400502525
		},
		"prob": 0.6707702926972304,
		"params": ["norm", 0.661895619939403, 0.02476656213846612],
		"bothSigns": ["norm", 0, 0.48755761252187574]
	},
	"Equalize": {
		"joint": {
			"m": [0.75846323612547, 0.0],
			"v": [0.13637293602776576, 0.0],
			"r": 0
		},
		"prob": 0.6187505908498709,
		"params": null
	},
	"Invert": {
		"joint": {
			"m": [0.6567852617192549, 0.0],
			"v": [0.3555555555541097, 0.0],
			"r": 0
		},
		"prob": 0.5333316574466156,
		"params": null
	},
	"Posterize": {
		"joint": {
			"m": [0.5166666666666667, 5.111111111111112],
			"v": [0.016999051579479504, 0.23395156570447104],
			"r": 0.2808528785598612
		},
		"prob": 0.5746306369615114,
		"params": ["norm", 5.21525176229695, 0.1993026084374243]
	},
	"Rotate": {
		"joint": {
			"m": [0.7000000000000001, 18.484848484848484],
			"v": [0.04737726087023475, 87.47537021387724],
			"r": 0.002668875647970914
		},
		"prob": 0.714501991200838,
		"params": ["norm", 18.40828311430408, 86.01386865463941],
		"bothSigns": ["norm", 0, 436.1036790936397]
	},
	"Sharpness": {
		"joint": {
			"m": [0.5333333333333333, 0.5166666529796742],
			"v": [0.013483126786055398, 0.14685020222042233],
			"r": 0.7741500771781329
		},
		"prob": 0.6258613811268301,
		"params": ["norm", 0.4383584736808287, 0.05494393749161706],
		"bothSigns": ["norm", 0, 0.36117597094679493]
	},
	"Shear": {
		"joint": {
			"m": [0.6823529411764708, 0.19607843916400583],
			"v": [0.06804907302576316, 0.004034260648446443],
			"r": -0.06315104685005488
		},
		"prob": 0.6990338089810573,
		"params": ["norm", 0.19494682533418742, 0.004165269645042719],
		"bothSigns": ["norm", 0, 0.04325859815940296]
	},
	"ShearX": {
		"joint": {
			"m": [0.6857142857142857, 0.1619047683382791],
			"v": [0.08202207741460824, 0.004750409782574816],
			"r": -0.0877525881711509
		},
		"prob": 0.6974192792495453,
		"params": ["norm", 0.160707270345855, 0.00503070068486518],
		"bothSigns": ["norm", 0, 0.032774147386567754]
	},
	"ShearY": {
		"joint": {
			"m": [0.6799999999999999, 0.22000000874201456],
			"v": [0.06632163642422852, 0.002419104516666089],
			"r": -0.03945280203053076
		},
		"prob": 0.6982008715506106,
		"params": ["norm", 0.21922022024800283, 0.0024677183679114034],
		"bothSigns": ["norm", 0, 0.05270893806499558]
	},
	"Solarize": {
		"joint": {
			"m": [0.48125, 115.10416666666667],
			"v": [0.04475841039857187, 3475.3596628858977],
			"r": 0.0004993553110601567
		},
		"prob": 0.5616965359740107,
		"params": ["norm", 118.29794906007838, 3418.2084974205845]
	},
	"Translate": {
		"joint": {
			"m": [0.5916666666666667, 0.32309499934867575],
			"v": [0.07024237189614015, 0.018818913976869522],
			"r": 0.20526057088120075
		},
		"prob": 0.6502067192637542,
		"params": ["norm", 0.3324360402541611, 0.020258070094307978],
		"bothSigns": ["norm", 0, 0.12746326658184037]
	},
	"TranslateX": {
		"joint": {
			"m": [0.5666666666666668, 0.3356831162064164],
			"v": [0.11889241924496612, 0.0006397475110239588],
			"r": -0.4835308874531147
		},
		"prob": 0.6467941719922344,
		"params": ["norm", 0.29397827083843, 0.012357002385133901],
		"bothSigns": ["norm", 0, 0.1543503898232063]
	},
	"TranslateY": {
		"joint": {
			"m": [0.6, 0.31889896039609555],
			"v": [0.08173481007919083, 0.010449685964187844],
			"r": 0.4177788712221759
		},
		"prob": 0.6551957915709813,
		"params": ["norm", 0.3084306490895904, 0.01924748660346487],
		"bothSigns": ["norm", 0, 0.1270531283686057]
	}
}
